date,P_atm,E_pot_OW,Ref.grass
1/1/1990 0:00,0,0,0
1/1/1990 1:00,0,0,0
1/1/1990 2:00,0,0,0
1/1/1990 3:00,0,0,0
1/1/1990 4:00,0,0,0
1/1/1990 5:00,0,0,0
1/1/1990 6:00,0,0,0
1/1/1990 7:00,0,0,0
1/1/1990 8:00,0,0,0
1/1/1990 9:00,0,0.118883761,0.106777346
1/1/1990 10:00,0,0,0
1/1/1990 11:00,0,0,0
1/1/1990 12:00,0,0.241456469,0.216867978
1/1/1990 13:00,0,0,0
1/1/1990 14:00,0,0,0
1/1/1990 15:00,0,0.081123722,0.072862564
1/1/1990 16:00,0,0,0
1/1/1990 17:00,0,0,0
1/1/1990 18:00,0,0,0
1/1/1990 19:00,0,0,0
1/1/1990 20:00,0,0,0
1/1/1990 21:00,0,0,0
1/1/1990 22:00,0,0,0
1/1/1990 23:00,0,0,0
2/1/1990 0:00,0,0,0
2/1/1990 1:00,0,0,0
2/1/1990 2:00,0,0,0
2/1/1990 3:00,0,0,0
2/1/1990 4:00,0,0,0
2/1/1990 5:00,0,0,0
2/1/1990 6:00,0,0,0
2/1/1990 7:00,0,0,0
2/1/1990 8:00,0,0,0
2/1/1990 9:00,0,0.115768325,0.103979167
2/1/1990 10:00,0,0,0
2/1/1990 11:00,0,0,0
2/1/1990 12:00,0,0.248903344,0.223556507
2/1/1990 13:00,0,0,0
2/1/1990 14:00,0,0,0
2/1/1990 15:00,0,0.147400918,0.132390485
2/1/1990 16:00,0,0,0
2/1/1990 17:00,0,0,0
2/1/1990 18:00,0,0,0
2/1/1990 19:00,0,0,0
2/1/1990 20:00,0,0,0
2/1/1990 21:00,0,0,0
2/1/1990 22:00,0,0,0
2/1/1990 23:00,0,0,0
3/1/1990 0:00,0,0,0
3/1/1990 1:00,0,0,0
3/1/1990 2:00,0,0,0
3/1/1990 3:00,0,0,0
3/1/1990 4:00,0,0,0
3/1/1990 5:00,0,0,0
3/1/1990 6:00,0,0,0
3/1/1990 7:00,0,0,0
3/1/1990 8:00,0,0,0
3/1/1990 9:00,0,0.075969538,0.068233252
3/1/1990 10:00,0,0,0
3/1/1990 11:00,0,0,0
3/1/1990 12:00,0,0.236086005,0.21204441
3/1/1990 13:00,0,0,0
3/1/1990 14:00,0,0,0
3/1/1990 15:00,0,0.050394947,0.045263025
3/1/1990 16:00,0,0,0
3/1/1990 17:00,0,0,0
3/1/1990 18:00,0,0,0
3/1/1990 19:00,0,0,0
3/1/1990 20:00,0,0,0
3/1/1990 21:00,0,0,0
3/1/1990 22:00,0,0,0
3/1/1990 23:00,0,0,0
4/1/1990 0:00,0,0,0
4/1/1990 1:00,0,0,0
4/1/1990 2:00,0,0,0
4/1/1990 3:00,0,0,0
4/1/1990 4:00,0,0,0
4/1/1990 5:00,0,0,0
4/1/1990 6:00,0,0,0
4/1/1990 7:00,0,0,0
4/1/1990 8:00,0,0,0
4/1/1990 9:00,0,0.113573209,0.102007589
4/1/1990 10:00,0,0,0
4/1/1990 11:00,0,0,0
4/1/1990 12:00,0,0.226462291,0.203400718
4/1/1990 13:00,0,0,0
4/1/1990 14:00,0,0,0
4/1/1990 15:00,0,0.128597835,0.115502196
4/1/1990 16:00,0,0,0
4/1/1990 17:00,0,0,0
4/1/1990 18:00,0,0,0
4/1/1990 19:00,0,0,0
4/1/1990 20:00,0,0,0
4/1/1990 21:00,0,0,0
4/1/1990 22:00,0,0,0
4/1/1990 23:00,0,0,0
5/1/1990 0:00,0,0,0
5/1/1990 1:00,0,0,0
5/1/1990 2:00,0,0,0
5/1/1990 3:00,0,0,0
5/1/1990 4:00,0,0,0
5/1/1990 5:00,0,0,0
5/1/1990 6:00,0,0,0
5/1/1990 7:00,0,0,0
5/1/1990 8:00,0,0,0
5/1/1990 9:00,0,0.112844418,0.101353013
5/1/1990 10:00,0,0,0
5/1/1990 11:00,0,0,0
5/1/1990 12:00,0,0.240243042,0.215778119
5/1/1990 13:00,0,0,0
5/1/1990 14:00,0,0,0
5/1/1990 15:00,0,0.121827096,0.109420949
5/1/1990 16:00,0,0,0
5/1/1990 17:00,0,0,0
5/1/1990 18:00,0,0,0
5/1/1990 19:00,0,0,0
5/1/1990 20:00,0,0,0
5/1/1990 21:00,0,0,0
5/1/1990 22:00,0,0,0
5/1/1990 23:00,0,0,0
6/1/1990 0:00,0,0,0
6/1/1990 1:00,0,0,0
6/1/1990 2:00,0,0,0
6/1/1990 3:00,0,0,0
6/1/1990 4:00,0,0,0
6/1/1990 5:00,0,0,0
6/1/1990 6:00,0,0,0
6/1/1990 7:00,0,0,0
6/1/1990 8:00,0,0,0
6/1/1990 9:00,0,0.084087371,0.075524413
6/1/1990 10:00,0,0,0
6/1/1990 11:00,0,0,0
6/1/1990 12:00,0,0.118057567,0.106035286
6/1/1990 13:00,0,0,0
6/1/1990 14:00,0,0,0
6/1/1990 15:00,0,0.093054785,0.083578639
6/1/1990 16:00,0,0,0
6/1/1990 17:00,0,0,0
6/1/1990 18:00,0,0,0
6/1/1990 19:00,0,0,0
6/1/1990 20:00,0,0,0
6/1/1990 21:00,0,0,0
6/1/1990 22:00,0,0,0
6/1/1990 23:00,0,0,0
7/1/1990 0:00,0,0,0
7/1/1990 1:00,0,0,0
7/1/1990 2:00,0,0,0
7/1/1990 3:00,0,0,0
7/1/1990 4:00,0,0,0
7/1/1990 5:00,0,0,0
7/1/1990 6:00,0,0,0
7/1/1990 7:00,0,0,0
7/1/1990 8:00,0,0,0
7/1/1990 9:00,0,0.105621486,0.094865622
7/1/1990 10:00,0,0,0
7/1/1990 11:00,0,0,0
7/1/1990 12:00,0,0.146279388,0.131383165
7/1/1990 13:00,0,0,0
7/1/1990 14:00,0,0,0
7/1/1990 15:00,0,0.118451275,0.106388901
7/1/1990 16:00,0,0,0
7/1/1990 17:00,0,0,0
7/1/1990 18:00,0,0,0
7/1/1990 19:00,0,0,0
7/1/1990 20:00,0,0,0
7/1/1990 21:00,0,0,0
7/1/1990 22:00,0,0,0
7/1/1990 23:00,0,0,0
8/1/1990 0:00,0,0,0
8/1/1990 1:00,0,0,0
8/1/1990 2:00,0,0,0
8/1/1990 3:00,0,0,0
8/1/1990 4:00,0,0,0
8/1/1990 5:00,0,0,0
8/1/1990 6:00,0,0,0
8/1/1990 7:00,0,0,0
8/1/1990 8:00,0,0,0
8/1/1990 9:00,0,0.111571992,0.100210164
8/1/1990 10:00,0,0,0
8/1/1990 11:00,0,0,0
8/1/1990 12:00,0,0.226505538,0.203439561
8/1/1990 13:00,0,0,0
8/1/1990 14:00,0,0,0
8/1/1990 15:00,0,0.12100892,0.108686091
8/1/1990 16:00,0,0,0
8/1/1990 17:00,0,0,0
8/1/1990 18:00,0,0,0
8/1/1990 19:00,0,0,0
8/1/1990 20:00,0,0,0
8/1/1990 21:00,0,0,0
8/1/1990 22:00,0,0,0
8/1/1990 23:00,0,0,0
9/1/1990 0:00,0,0,0
9/1/1990 1:00,0,0,0
9/1/1990 2:00,0,0,0
9/1/1990 3:00,0,0,0
9/1/1990 4:00,0,0,0
9/1/1990 5:00,0,0,0
9/1/1990 6:00,0,0,0
9/1/1990 7:00,0,0,0
9/1/1990 8:00,0,0,0
9/1/1990 9:00,0,0.118037431,0.106017201
9/1/1990 10:00,0,0,0
9/1/1990 11:00,0,0,0
9/1/1990 12:00,0,0.134225128,0.120556439
9/1/1990 13:00,0,0,0
9/1/1990 14:00,0,0,0
9/1/1990 15:00,0,0.080721358,0.072501175
9/1/1990 16:00,0,0,0
9/1/1990 17:00,0,0,0
9/1/1990 18:00,0,0,0
9/1/1990 19:00,0,0,0
9/1/1990 20:00,0,0,0
9/1/1990 21:00,0,0,0
9/1/1990 22:00,0,0,0
9/1/1990 23:00,0,0,0
10/1/1990 0:00,0,0,0
10/1/1990 1:00,0,0,0
10/1/1990 2:00,0,0,0
10/1/1990 3:00,0,0,0
10/1/1990 4:00,0,0,0
10/1/1990 5:00,0,0,0
10/1/1990 6:00,0,0,0
10/1/1990 7:00,0,0,0
10/1/1990 8:00,0,0,0
10/1/1990 9:00,0,0.020719728,0.018609754
10/1/1990 10:00,0,0,0
10/1/1990 11:00,0,0,0
10/1/1990 12:00,0,0.064545792,0.057972832
10/1/1990 13:00,0,0,0
10/1/1990 14:00,0,0,0
10/1/1990 15:00,0,0.027662482,0.024845499
10/1/1990 16:00,0,0,0
10/1/1990 17:00,0,0,0
10/1/1990 18:00,0,0,0
10/1/1990 19:00,1.5,0,0
10/1/1990 20:00,1,0,0
10/1/1990 21:00,0.5,0,0
10/1/1990 22:00,0,0,0
10/1/1990 23:00,0,0,0
11/1/1990 0:00,0,0,0
11/1/1990 1:00,0,0,0
11/1/1990 2:00,0,0,0
11/1/1990 3:00,0,0,0
11/1/1990 4:00,0,0,0
11/1/1990 5:00,0,0,0
11/1/1990 6:00,0,0,0
11/1/1990 7:00,0.5,0,0
11/1/1990 8:00,0.5,0,0
11/1/1990 9:00,1.5,0.012180619,0.010940217
11/1/1990 10:00,0.5,0,0
11/1/1990 11:00,0.5,0,0
11/1/1990 12:00,2.5,0.035312846,0.031716796
11/1/1990 13:00,1.5,0,0
11/1/1990 14:00,0,0,0
11/1/1990 15:00,0,0.037666556,0.033830818
11/1/1990 16:00,0,0,0
11/1/1990 17:00,0,0,0
11/1/1990 18:00,0,0,0
11/1/1990 19:00,0,0,0
11/1/1990 20:00,0,0,0
11/1/1990 21:00,0,0,0
11/1/1990 22:00,0,0,0
11/1/1990 23:00,0,0,0
12/1/1990 0:00,0,0,0
12/1/1990 1:00,0,0,0
12/1/1990 2:00,0,0,0
12/1/1990 3:00,0,0,0
12/1/1990 4:00,0,0,0
12/1/1990 5:00,0,0,0
12/1/1990 6:00,0,0,0
12/1/1990 7:00,0,0,0
12/1/1990 8:00,0,0,0
12/1/1990 9:00,0,0.079117954,0.071061052
12/1/1990 10:00,0,0,0
12/1/1990 11:00,0,0,0
12/1/1990 12:00,0,0.216471512,0.19442734
12/1/1990 13:00,0,0,0
12/1/1990 14:00,0,0,0
12/1/1990 15:00,0,0.095699517,0.085954047
12/1/1990 16:00,0,0,0
12/1/1990 17:00,0,0,0
12/1/1990 18:00,0,0,0
12/1/1990 19:00,0,0,0
12/1/1990 20:00,0,0,0
12/1/1990 21:00,0,0,0
12/1/1990 22:00,0,0,0
12/1/1990 23:00,0,0,0
13/01/1990 00:00,0,0,0
13/01/1990 01:00,0,0,0
13/01/1990 02:00,0,0,0
13/01/1990 03:00,0,0,0
13/01/1990 04:00,0,0,0
13/01/1990 05:00,0,0,0
13/01/1990 06:00,0,0,0
13/01/1990 07:00,0,0,0
13/01/1990 08:00,0,0,0
13/01/1990 09:00,0,0.090276167,0.081082979
13/01/1990 10:00,0,0,0
13/01/1990 11:00,0,0,0
13/01/1990 12:00,0,0.24746716,0.222266576
13/01/1990 13:00,0,0,0
13/01/1990 14:00,0,0,0
13/01/1990 15:00,0,0.097241008,0.087338562
13/01/1990 16:00,0,0,0
13/01/1990 17:00,0,0,0
13/01/1990 18:00,0,0,0
13/01/1990 19:00,0,0,0
13/01/1990 20:00,0,0,0
13/01/1990 21:00,0,0,0
13/01/1990 22:00,0,0,0
13/01/1990 23:00,0,0,0
14/01/1990 00:00,0,0,0
14/01/1990 01:00,0,0,0
14/01/1990 02:00,0,0,0
14/01/1990 03:00,0,0,0
14/01/1990 04:00,0,0,0
14/01/1990 05:00,0,0,0
14/01/1990 06:00,0,0,0
14/01/1990 07:00,0,0,0
14/01/1990 08:00,0,0,0
14/01/1990 09:00,0,0.131953042,0.118515729
14/01/1990 10:00,0,0,0
14/01/1990 11:00,0,0,0
14/01/1990 12:00,0,0.256238796,0.23014496
14/01/1990 13:00,0,0,0
14/01/1990 14:00,0,0,0
14/01/1990 15:00,0,0.133527516,0.119929868
14/01/1990 16:00,0,0,0
14/01/1990 17:00,0,0,0
14/01/1990 18:00,0,0,0
14/01/1990 19:00,0,0,0
14/01/1990 20:00,0,0,0
14/01/1990 21:00,0,0,0
14/01/1990 22:00,0,0,0
14/01/1990 23:00,0,0,0
15/01/1990 00:00,0,0,0
15/01/1990 01:00,0,0,0
15/01/1990 02:00,0,0,0
15/01/1990 03:00,0,0,0
15/01/1990 04:00,0,0,0
15/01/1990 05:00,0,0,0
15/01/1990 06:00,0,0,0
15/01/1990 07:00,0,0,0
15/01/1990 08:00,0,0,0
15/01/1990 09:00,0,0.116747853,0.104858946
15/01/1990 10:00,0,0,0
15/01/1990 11:00,0,0,0
15/01/1990 12:00,0,0.260512072,0.233983071
15/01/1990 13:00,0,0,0
15/01/1990 14:00,0,0,0
15/01/1990 15:00,0,0.144944794,0.130184478
15/01/1990 16:00,0,0,0
15/01/1990 17:00,0,0,0
15/01/1990 18:00,0,0,0
15/01/1990 19:00,0,0,0
15/01/1990 20:00,0,0,0
15/01/1990 21:00,0,0,0
15/01/1990 22:00,0,0,0
15/01/1990 23:00,0,0,0
16/01/1990 00:00,0,0,0
16/01/1990 01:00,0,0,0
16/01/1990 02:00,0,0,0
16/01/1990 03:00,0,0,0
16/01/1990 04:00,0,0,0
16/01/1990 05:00,0,0,0
16/01/1990 06:00,0,0,0
16/01/1990 07:00,0,0,0
16/01/1990 08:00,0,0,0
16/01/1990 09:00,0,0.049438012,0.044403539
16/01/1990 10:00,0,0,0
16/01/1990 11:00,0,0,0
16/01/1990 12:00,0,0.135391191,0.121603757
16/01/1990 13:00,0,0,0
16/01/1990 14:00,0,0,0
16/01/1990 15:00,0,0.13454812,0.120846539
16/01/1990 16:00,0,0,0
16/01/1990 17:00,0,0,0
16/01/1990 18:00,0,0,0
16/01/1990 19:00,0,0,0
16/01/1990 20:00,0,0,0
16/01/1990 21:00,0,0,0
16/01/1990 22:00,0,0,0
16/01/1990 23:00,0,0,0
17/01/1990 00:00,0,0,0
17/01/1990 01:00,0,0,0
17/01/1990 02:00,0,0,0
17/01/1990 03:00,0,0,0
17/01/1990 04:00,0,0,0
17/01/1990 05:00,0,0,0
17/01/1990 06:00,0,0,0
17/01/1990 07:00,0,0,0
17/01/1990 08:00,0,0,0
17/01/1990 09:00,0,0.127889954,0.114866401
17/01/1990 10:00,0,0,0
17/01/1990 11:00,0,0,0
17/01/1990 12:00,0,0.221106654,0.198590467
17/01/1990 13:00,0,0,0
17/01/1990 14:00,0,0,0
17/01/1990 15:00,0,0.108145187,0.097132324
17/01/1990 16:00,0,0,0
17/01/1990 17:00,0,0,0
17/01/1990 18:00,0,0,0
17/01/1990 19:00,0,0,0
17/01/1990 20:00,0,0,0
17/01/1990 21:00,0,0,0
17/01/1990 22:00,0,0,0
17/01/1990 23:00,0,0,0
18/01/1990 00:00,0,0,0
18/01/1990 01:00,0,0,0
18/01/1990 02:00,0,0,0
18/01/1990 03:00,0,0,0
18/01/1990 04:00,0,0,0
18/01/1990 05:00,0,0,0
18/01/1990 06:00,0,0,0
18/01/1990 07:00,0,0,0
18/01/1990 08:00,0,0,0
18/01/1990 09:00,0,0.064130252,0.057599608
18/01/1990 10:00,0,0,0
18/01/1990 11:00,0,0,0
18/01/1990 12:00,0,0.230325854,0.206870838
18/01/1990 13:00,0,0,0
18/01/1990 14:00,0,0,0
18/01/1990 15:00,0,0.089142344,0.080064618
18/01/1990 16:00,0,0,0
18/01/1990 17:00,0,0,0
18/01/1990 18:00,0,0,0
18/01/1990 19:00,0,0,0
18/01/1990 20:00,0,0,0
18/01/1990 21:00,0,0,0
18/01/1990 22:00,0,0,0
18/01/1990 23:00,0,0,0
19/01/1990 00:00,0,0,0
19/01/1990 01:00,0,0,0
19/01/1990 02:00,0,0,0
19/01/1990 03:00,0,0,0
19/01/1990 04:00,0,0,0
19/01/1990 05:00,0,0,0
19/01/1990 06:00,0,0,0
19/01/1990 07:00,0,0,0
19/01/1990 08:00,0,0,0
19/01/1990 09:00,0,0.059758555,0.053673099
19/01/1990 10:00,0,0,0
19/01/1990 11:00,0,0,0
19/01/1990 12:00,0,0.050193908,0.045082459
19/01/1990 13:00,0,0,0
19/01/1990 14:00,0,0,0
19/01/1990 15:00,0,0.028744817,0.025817616
19/01/1990 16:00,0,0,0
19/01/1990 17:00,0,0,0
19/01/1990 18:00,0,0,0
19/01/1990 19:00,0,0,0
19/01/1990 20:00,0,0,0
19/01/1990 21:00,0,0,0
19/01/1990 22:00,0,0,0
19/01/1990 23:00,0,0,0
20/01/1990 00:00,0,0,0
20/01/1990 01:00,0,0,0
20/01/1990 02:00,0,0,0
20/01/1990 03:00,0,0,0
20/01/1990 04:00,0,0,0
20/01/1990 05:00,0,0,0
20/01/1990 06:00,0,0,0
20/01/1990 07:00,0,0,0
20/01/1990 08:00,0,0,0
20/01/1990 09:00,0,0.12721624,0.114261294
20/01/1990 10:00,0,0,0
20/01/1990 11:00,0,0,0
20/01/1990 12:00,0,0.296281198,0.266109682
20/01/1990 13:00,0,0,0
20/01/1990 14:00,0,0,0
20/01/1990 15:00,0,0.14798526,0.132915321
20/01/1990 16:00,0,0,0
20/01/1990 17:00,0,0,0
20/01/1990 18:00,0,0,0
20/01/1990 19:00,0,0,0
20/01/1990 20:00,0,0,0
20/01/1990 21:00,0,0,0
20/01/1990 22:00,0,0,0
20/01/1990 23:00,0,0,0
21/01/1990 00:00,0,0,0
21/01/1990 01:00,0,0,0
21/01/1990 02:00,0,0,0
21/01/1990 03:00,0,0,0
21/01/1990 04:00,0,0,0
21/01/1990 05:00,0,0,0
21/01/1990 06:00,0,0,0
21/01/1990 07:00,0,0,0
21/01/1990 08:00,0,0,0
21/01/1990 09:00,0,0.073971932,0.06643907
21/01/1990 10:00,0,0,0
21/01/1990 11:00,0,0,0
21/01/1990 12:00,0,0.14763366,0.132599526
21/01/1990 13:00,0,0,0
21/01/1990 14:00,0,0,0
21/01/1990 15:00,0,0.070095305,0.062957216
21/01/1990 16:00,0,0,0
21/01/1990 17:00,0,0,0
21/01/1990 18:00,0,0,0
21/01/1990 19:00,0,0,0
21/01/1990 20:00,0,0,0
21/01/1990 21:00,0,0,0
21/01/1990 22:00,0,0,0
21/01/1990 23:00,0,0,0
22/01/1990 00:00,0,0,0
22/01/1990 01:00,0,0,0
22/01/1990 02:00,0,0,0
22/01/1990 03:00,0,0,0
22/01/1990 04:00,0,0,0
22/01/1990 05:00,0,0,0
22/01/1990 06:00,0,0,0
22/01/1990 07:00,0,0,0
22/01/1990 08:00,0,0,0
22/01/1990 09:00,0,0.133482633,0.119889555
22/01/1990 10:00,0,0,0
22/01/1990 11:00,0,0,0
22/01/1990 12:00,0,0.088143869,0.079167821
22/01/1990 13:00,0,0,0
22/01/1990 14:00,0,0,0
22/01/1990 15:00,0,0.081539764,0.073236239
22/01/1990 16:00,0,0,0
22/01/1990 17:00,0,0,0
22/01/1990 18:00,0,0,0
22/01/1990 19:00,0.5,0,0
22/01/1990 20:00,0,0,0
22/01/1990 21:00,0,0,0
22/01/1990 22:00,0,0,0
22/01/1990 23:00,0,0,0
23/01/1990 00:00,0,0,0
23/01/1990 01:00,0,0,0
23/01/1990 02:00,0,0,0
23/01/1990 03:00,0,0,0
23/01/1990 04:00,0,0,0
23/01/1990 05:00,0,0,0
23/01/1990 06:00,0,0,0
23/01/1990 07:00,0,0,0
23/01/1990 08:00,0,0,0
23/01/1990 09:00,0,0.052630419,0.04727085
23/01/1990 10:00,0,0,0
23/01/1990 11:00,0,0,0
23/01/1990 12:00,0,0.15324429,0.137638803
23/01/1990 13:00,0,0,0
23/01/1990 14:00,0,0,0
23/01/1990 15:00,0,0.084432982,0.075834829
23/01/1990 16:00,0,0,0
23/01/1990 17:00,0,0,0
23/01/1990 18:00,0,0,0
23/01/1990 19:00,0,0,0
23/01/1990 20:00,0,0,0
23/01/1990 21:00,0,0,0
23/01/1990 22:00,0,0,0
23/01/1990 23:00,0,0,0
24/01/1990 00:00,0,0,0
24/01/1990 01:00,0,0,0
24/01/1990 02:00,0,0,0
24/01/1990 03:00,0,0,0
24/01/1990 04:00,0,0,0
24/01/1990 05:00,0,0,0
24/01/1990 06:00,0,0,0
24/01/1990 07:00,0,0,0
24/01/1990 08:00,0,0,0
24/01/1990 09:00,0,0.060057087,0.05394123
24/01/1990 10:00,0,0,0
24/01/1990 11:00,0,0,0
24/01/1990 12:00,0,0.175982962,0.158061903
24/01/1990 13:00,0,0,0
24/01/1990 14:00,0,0,0
24/01/1990 15:00,0,0.158663934,0.142506542
24/01/1990 16:00,0,0,0
24/01/1990 17:00,0,0,0
24/01/1990 18:00,0,0,0
24/01/1990 19:00,0,0,0
24/01/1990 20:00,1.5,0,0
24/01/1990 21:00,0.5,0,0
24/01/1990 22:00,0,0,0
24/01/1990 23:00,0.5,0,0
25/01/1990 00:00,0.5,0,0
25/01/1990 01:00,0,0,0
25/01/1990 02:00,0,0,0
25/01/1990 03:00,0,0,0
25/01/1990 04:00,0,0,0
25/01/1990 05:00,0,0,0
25/01/1990 06:00,0,0,0
25/01/1990 07:00,0,0,0
25/01/1990 08:00,0,0,0
25/01/1990 09:00,0,0.151809151,0.13634981
25/01/1990 10:00,0,0,0
25/01/1990 11:00,0,0,0
25/01/1990 12:00,0,0.32506314,0.291960642
25/01/1990 13:00,0,0,0
25/01/1990 14:00,0,0,0
25/01/1990 15:00,0,0.092594163,0.083164924
25/01/1990 16:00,0,0,0
25/01/1990 17:00,0,0,0
25/01/1990 18:00,0,0,0
25/01/1990 19:00,0,0,0
25/01/1990 20:00,0,0,0
25/01/1990 21:00,0,0,0
25/01/1990 22:00,0,0,0
25/01/1990 23:00,0,0,0
26/01/1990 00:00,0,0,0
26/01/1990 01:00,0,0,0
26/01/1990 02:00,0,0,0
26/01/1990 03:00,0,0,0
26/01/1990 04:00,0,0,0
26/01/1990 05:00,0,0,0
26/01/1990 06:00,0,0,0
26/01/1990 07:00,0,0,0
26/01/1990 08:00,0,0,0
26/01/1990 09:00,0,0.152957154,0.137380907
26/01/1990 10:00,0,0,0
26/01/1990 11:00,0,0,0
26/01/1990 12:00,0,0.324080391,0.291077971
26/01/1990 13:00,0,0,0
26/01/1990 14:00,0,0,0
26/01/1990 15:00,0,0.194650502,0.174828452
26/01/1990 16:00,0,0,0
26/01/1990 17:00,0,0,0
26/01/1990 18:00,0,0,0
26/01/1990 19:00,0,0,0
26/01/1990 20:00,0,0,0
26/01/1990 21:00,0,0,0
26/01/1990 22:00,0,0,0
26/01/1990 23:00,0,0,0
27/01/1990 00:00,0,0,0
27/01/1990 01:00,0,0,0
27/01/1990 02:00,0,0,0
27/01/1990 03:00,0,0,0
27/01/1990 04:00,0,0,0
27/01/1990 05:00,0,0,0
27/01/1990 06:00,0,0,0
27/01/1990 07:00,0,0,0
27/01/1990 08:00,0,0,0
27/01/1990 09:00,0,0.124644236,0.111951208
27/01/1990 10:00,0,0,0
27/01/1990 11:00,0,0,0
27/01/1990 12:00,0,0.276536441,0.248375614
27/01/1990 13:00,0,0,0
27/01/1990 14:00,0,0,0
27/01/1990 15:00,0,0.128257278,0.115196319
27/01/1990 16:00,0,0,0
27/01/1990 17:00,0,0,0
27/01/1990 18:00,0,0,0
27/01/1990 19:00,0,0,0
27/01/1990 20:00,0,0,0
27/01/1990 21:00,0,0,0
27/01/1990 22:00,0,0,0
27/01/1990 23:00,0,0,0
28/01/1990 00:00,0,0,0
28/01/1990 01:00,0,0,0
28/01/1990 02:00,0,0,0
28/01/1990 03:00,0,0,0
28/01/1990 04:00,0,0,0
28/01/1990 05:00,0,0,0
28/01/1990 06:00,0,0,0
28/01/1990 07:00,0,0,0
28/01/1990 08:00,0,0,0
28/01/1990 09:00,0,0.15612196,0.140223428
28/01/1990 10:00,0,0,0
28/01/1990 11:00,0,0,0
28/01/1990 12:00,0,0.307068232,0.275798229
28/01/1990 13:00,0,0,0
28/01/1990 14:00,0,0,0
28/01/1990 15:00,0,0.185776281,0.166857929
28/01/1990 16:00,0,0,0
28/01/1990 17:00,0,0,0
28/01/1990 18:00,0,0,0
28/01/1990 19:00,0,0,0
28/01/1990 20:00,0,0,0
28/01/1990 21:00,0,0,0
28/01/1990 22:00,0,0,0
28/01/1990 23:00,0,0,0
29/01/1990 00:00,0,0,0
29/01/1990 01:00,0,0,0
29/01/1990 02:00,0,0,0
29/01/1990 03:00,0,0,0
29/01/1990 04:00,0,0,0
29/01/1990 05:00,0,0,0
29/01/1990 06:00,0,0,0
29/01/1990 07:00,0,0,0
29/01/1990 08:00,0,0,0
29/01/1990 09:00,0,0.050585007,0.045433731
29/01/1990 10:00,0,0,0
29/01/1990 11:00,0,0,0
29/01/1990 12:00,0,0.054493059,0.04894381
29/01/1990 13:00,0,0,0
29/01/1990 14:00,0,0,0
29/01/1990 15:00,0.5,0.047213461,0.042405523
29/01/1990 16:00,0.5,0,0
29/01/1990 17:00,0.5,0,0
29/01/1990 18:00,0,0,0
29/01/1990 19:00,0,0,0
29/01/1990 20:00,0,0,0
29/01/1990 21:00,0,0,0
29/01/1990 22:00,0,0,0
29/01/1990 23:00,0,0,0
30/01/1990 00:00,0,0,0
30/01/1990 01:00,0,0,0
30/01/1990 02:00,0,0,0
30/01/1990 03:00,0,0,0
30/01/1990 04:00,0,0,0
30/01/1990 05:00,0,0,0
30/01/1990 06:00,0,0,0
30/01/1990 07:00,0,0,0
30/01/1990 08:00,0,0,0
30/01/1990 09:00,0,0.129148214,0.115996528
30/01/1990 10:00,0,0,0
30/01/1990 11:00,0,0,0
30/01/1990 12:00,0,0.245134961,0.220171874
30/01/1990 13:00,0,0,0
30/01/1990 14:00,0,0,0
30/01/1990 15:00,0,0.181170257,0.162720955
30/01/1990 16:00,0,0,0
30/01/1990 17:00,0,0,0
30/01/1990 18:00,0,0,0
30/01/1990 19:00,0,0,0
30/01/1990 20:00,0,0,0
30/01/1990 21:00,0,0,0
30/01/1990 22:00,0,0,0
30/01/1990 23:00,0,0,0
31/01/1990 00:00,0,0,0
31/01/1990 01:00,0,0,0
31/01/1990 02:00,0,0,0
31/01/1990 03:00,0,0,0
31/01/1990 04:00,0,0,0
31/01/1990 05:00,0,0,0
31/01/1990 06:00,0,0,0
31/01/1990 07:00,0,0,0
31/01/1990 08:00,0,0,0
31/01/1990 09:00,0,0.071796442,0.064485119
31/01/1990 10:00,0,0,0
31/01/1990 11:00,0,0,0
31/01/1990 12:00,0,0.210752619,0.189290825
31/01/1990 13:00,0,0,0
31/01/1990 14:00,0,0,0
31/01/1990 15:00,0,0.18732386,0.168247912
31/01/1990 16:00,0,0,0
31/01/1990 17:00,0,0,0
31/01/1990 18:00,0,0,0
31/01/1990 19:00,0,0,0
31/01/1990 20:00,0,0,0
31/01/1990 21:00,0,0,0
31/01/1990 22:00,0,0,0
31/01/1990 23:00,0,0,0
1/2/1990 0:00,0,0,0
1/2/1990 1:00,0,0,0
1/2/1990 2:00,0,0,0
1/2/1990 3:00,0,0,0
1/2/1990 4:00,0,0,0
1/2/1990 5:00,0,0,0
1/2/1990 6:00,0,0,0
1/2/1990 7:00,0,0,0
1/2/1990 8:00,0.5,0,0
1/2/1990 9:00,0,0.03174103,0.028508712
1/2/1990 10:00,0.5,0,0
1/2/1990 11:00,0,0,0
1/2/1990 12:00,0,0.127889954,0.114866401
1/2/1990 13:00,0,0,0
1/2/1990 14:00,0,0,0
1/2/1990 15:00,0,0.101044793,0.090754992
1/2/1990 16:00,0,0,0
1/2/1990 17:00,0.5,0,0
1/2/1990 18:00,0,0,0
1/2/1990 19:00,0,0,0
1/2/1990 20:00,0,0,0
1/2/1990 21:00,0,0,0
1/2/1990 22:00,0,0,0
1/2/1990 23:00,0,0,0
2/2/1990 0:00,0,0,0
2/2/1990 1:00,0,0,0
2/2/1990 2:00,0,0,0
2/2/1990 3:00,0,0,0
2/2/1990 4:00,0,0,0
2/2/1990 5:00,0,0,0
2/2/1990 6:00,0,0,0
2/2/1990 7:00,0,0,0
2/2/1990 8:00,0,0,0
2/2/1990 9:00,0,0.16705805,0.150045851
2/2/1990 10:00,0,0,0
2/2/1990 11:00,0,0,0
2/2/1990 12:00,0,0.302370233,0.271578646
2/2/1990 13:00,0,0,0
2/2/1990 14:00,0,0,0
2/2/1990 15:00,0,0.188730201,0.169511039
2/2/1990 16:00,0,0,0
2/2/1990 17:00,0,0,0
2/2/1990 18:00,0,0,0
2/2/1990 19:00,0,0,0
2/2/1990 20:00,0,0,0
2/2/1990 21:00,0,0,0
2/2/1990 22:00,0,0,0
2/2/1990 23:00,0,0,0
3/2/1990 0:00,0,0,0
3/2/1990 1:00,0,0,0
3/2/1990 2:00,0,0,0
3/2/1990 3:00,0,0,0
3/2/1990 4:00,0,0,0
3/2/1990 5:00,0,0,0
3/2/1990 6:00,0,0,0
3/2/1990 7:00,0,0,0
3/2/1990 8:00,0,0,0
3/2/1990 9:00,0,0.09404166,0.084465016
3/2/1990 10:00,0,0,0
3/2/1990 11:00,0,0,0
3/2/1990 12:00,0,0.175810859,0.157907326
3/2/1990 13:00,0,0,0
3/2/1990 14:00,0,0,0
3/2/1990 15:00,0,0.102593685,0.092146154
3/2/1990 16:00,0,0,0
3/2/1990 17:00,0,0,0
3/2/1990 18:00,0,0,0
3/2/1990 19:00,0,0,0
3/2/1990 20:00,0,0,0
3/2/1990 21:00,0,0,0
3/2/1990 22:00,0,0,0
3/2/1990 23:00,0,0,0
4/2/1990 0:00,0,0,0
4/2/1990 1:00,0,0,0
4/2/1990 2:00,0,0,0
4/2/1990 3:00,0,0,0
4/2/1990 4:00,0,0,0
4/2/1990 5:00,0,0,0
4/2/1990 6:00,0,0,0
4/2/1990 7:00,0,0,0
4/2/1990 8:00,0,0,0
4/2/1990 9:00,0,0.127935885,0.114907655
4/2/1990 10:00,0,0,0
4/2/1990 11:00,0,0,0
4/2/1990 12:00,0,0.189697712,0.170380025
4/2/1990 13:00,0,0,0
4/2/1990 14:00,0,0,0
4/2/1990 15:00,0,0.045295248,0.040682649
4/2/1990 16:00,0,0,0
4/2/1990 17:00,0,0,0
4/2/1990 18:00,0.5,0,0
4/2/1990 19:00,0,0,0
4/2/1990 20:00,0.5,0,0
4/2/1990 21:00,0,0,0
4/2/1990 22:00,0,0,0
4/2/1990 23:00,0,0,0
5/2/1990 0:00,0,0,0
5/2/1990 1:00,0,0,0
5/2/1990 2:00,0,0,0
5/2/1990 3:00,0,0,0
5/2/1990 4:00,0,0,0
5/2/1990 5:00,0,0,0
5/2/1990 6:00,0,0,0
5/2/1990 7:00,0.5,0,0
5/2/1990 8:00,0,0,0
5/2/1990 9:00,0.5,0.023751348,0.021332652
5/2/1990 10:00,0,0,0
5/2/1990 11:00,0,0,0
5/2/1990 12:00,0,0.247027364,0.221871566
5/2/1990 13:00,0,0,0
5/2/1990 14:00,0,0,0
5/2/1990 15:00,0,0.075969538,0.068233252
5/2/1990 16:00,0,0,0
5/2/1990 17:00,0,0,0
5/2/1990 18:00,0,0,0
5/2/1990 19:00,0,0,0
5/2/1990 20:00,0,0,0
5/2/1990 21:00,0,0,0
5/2/1990 22:00,0,0,0
5/2/1990 23:00,0,0,0
6/2/1990 0:00,0,0,0
6/2/1990 1:00,0.5,0,0
6/2/1990 2:00,0,0,0
6/2/1990 3:00,0,0,0
6/2/1990 4:00,0,0,0
6/2/1990 5:00,0,0,0
6/2/1990 6:00,0,0,0
6/2/1990 7:00,0,0,0
6/2/1990 8:00,0,0,0
6/2/1990 9:00,0,0.081373082,0.073086531
6/2/1990 10:00,0,0,0
6/2/1990 11:00,0,0,0
6/2/1990 12:00,0,0.175991996,0.158070017
6/2/1990 13:00,0,0,0
6/2/1990 14:00,0,0,0
6/2/1990 15:00,0,0.153784775,0.138124248
6/2/1990 16:00,0,0,0
6/2/1990 17:00,0,0,0
6/2/1990 18:00,0,0,0
6/2/1990 19:00,0,0,0
6/2/1990 20:00,0,0,0
6/2/1990 21:00,0,0,0
6/2/1990 22:00,0,0,0
6/2/1990 23:00,0,0,0
7/2/1990 0:00,0,0,0
7/2/1990 1:00,0,0,0
7/2/1990 2:00,0,0,0
7/2/1990 3:00,0,0,0
7/2/1990 4:00,0,0,0
7/2/1990 5:00,0,0,0
7/2/1990 6:00,0,0,0
7/2/1990 7:00,0,0,0
7/2/1990 8:00,0,0,0
7/2/1990 9:00,0,0.1477135,0.132671235
7/2/1990 10:00,0,0,0
7/2/1990 11:00,0,0,0
7/2/1990 12:00,0,0.247866962,0.222625664
7/2/1990 13:00,0,0,0
7/2/1990 14:00,0,0,0
7/2/1990 15:00,0,0.161070154,0.144667727
7/2/1990 16:00,0,0,0
7/2/1990 17:00,0,0,0
7/2/1990 18:00,0,0,0
7/2/1990 19:00,0,0,0
7/2/1990 20:00,0,0,0
7/2/1990 21:00,0,0,0
7/2/1990 22:00,0,0,0
7/2/1990 23:00,0,0,0
8/2/1990 0:00,0,0,0
8/2/1990 1:00,0,0,0
8/2/1990 2:00,0,0,0
8/2/1990 3:00,0,0,0
8/2/1990 4:00,0,0,0
8/2/1990 5:00,0,0,0
8/2/1990 6:00,0,0,0
8/2/1990 7:00,0,0,0
8/2/1990 8:00,0,0,0
8/2/1990 9:00,0,0.141771043,0.127333923
8/2/1990 10:00,0,0,0
8/2/1990 11:00,0,0,0
8/2/1990 12:00,0,0.282354146,0.253600878
8/2/1990 13:00,0,0,0
8/2/1990 14:00,0,0,0
8/2/1990 15:00,0,0.200737829,0.180295882
8/2/1990 16:00,0,0,0
8/2/1990 17:00,0,0,0
8/2/1990 18:00,0,0,0
8/2/1990 19:00,0,0,0
8/2/1990 20:00,0,0,0
8/2/1990 21:00,0,0,0
8/2/1990 22:00,0,0,0
8/2/1990 23:00,0,0,0
9/2/1990 0:00,0,0,0
9/2/1990 1:00,0,0,0
9/2/1990 2:00,0,0,0
9/2/1990 3:00,0,0,0
9/2/1990 4:00,0,0,0
9/2/1990 5:00,0,0,0
9/2/1990 6:00,0,0,0
9/2/1990 7:00,0,0,0
9/2/1990 8:00,0,0,0
9/2/1990 9:00,0,0.154851094,0.139081979
9/2/1990 10:00,0,0,0
9/2/1990 11:00,0,0,0
9/2/1990 12:00,0,0.278770605,0.250382264
9/2/1990 13:00,0,0,0
9/2/1990 14:00,0,0,0
9/2/1990 15:00,0,0.086098736,0.077330953
9/2/1990 16:00,0,0,0
9/2/1990 17:00,0,0,0
9/2/1990 18:00,0,0,0
9/2/1990 19:00,0,0,0
9/2/1990 20:00,0,0,0
9/2/1990 21:00,0,0,0
9/2/1990 22:00,0,0,0
9/2/1990 23:00,0,0,0
10/2/1990 0:00,0,0,0
10/2/1990 1:00,0,0,0
10/2/1990 2:00,0,0,0
10/2/1990 3:00,0,0,0
10/2/1990 4:00,0,0,0
10/2/1990 5:00,0,0,0
10/2/1990 6:00,0,0,0
10/2/1990 7:00,0,0,0
10/2/1990 8:00,0,0,0
10/2/1990 9:00,0,0.134044533,0.120394235
10/2/1990 10:00,0,0,0
10/2/1990 11:00,0,0,0
10/2/1990 12:00,0,0.204898332,0.184032704
10/2/1990 13:00,0,0,0
10/2/1990 14:00,0,0,0
10/2/1990 15:00,0,0.080771576,0.072546279
10/2/1990 16:00,0,0,0
10/2/1990 17:00,0,0,0
10/2/1990 18:00,0,0,0
10/2/1990 19:00,0,0,0
10/2/1990 20:00,0,0,0
10/2/1990 21:00,0,0,0
10/2/1990 22:00,0,0,0
10/2/1990 23:00,0,0,0
11/2/1990 0:00,0,0,0
11/2/1990 1:00,0,0,0
11/2/1990 2:00,0,0,0
11/2/1990 3:00,0,0,0
11/2/1990 4:00,0,0,0
11/2/1990 5:00,0,0,0
11/2/1990 6:00,0.5,0,0
11/2/1990 7:00,0,0,0
11/2/1990 8:00,0,0,0
11/2/1990 9:00,1,0.037052427,0.033279228
11/2/1990 10:00,0,0,0
11/2/1990 11:00,0,0,0
11/2/1990 12:00,0.5,0.160428516,0.14409143
11/2/1990 13:00,0,0,0
11/2/1990 14:00,0,0,0
11/2/1990 15:00,0,0.060373953,0.054225829
11/2/1990 16:00,0,0,0
11/2/1990 17:00,0,0,0
11/2/1990 18:00,0,0,0
11/2/1990 19:00,0,0,0
11/2/1990 20:00,0,0,0
11/2/1990 21:00,0,0,0
11/2/1990 22:00,0,0,0
11/2/1990 23:00,0,0,0
12/2/1990 0:00,0,0,0
12/2/1990 1:00,0,0,0
12/2/1990 2:00,0,0,0
12/2/1990 3:00,0,0,0
12/2/1990 4:00,0,0,0
12/2/1990 5:00,0,0,0
12/2/1990 6:00,0,0,0
12/2/1990 7:00,0,0,0
12/2/1990 8:00,0,0,0
12/2/1990 9:00,0,0.091107401,0.081829565
12/2/1990 10:00,0,0,0
12/2/1990 11:00,0,0,0
12/2/1990 12:00,0,0.157832779,0.141760027
12/2/1990 13:00,0,0,0
12/2/1990 14:00,0,0,0
12/2/1990 15:00,0,0.144369711,0.129667958
12/2/1990 16:00,0,0,0
12/2/1990 17:00,0,0,0
12/2/1990 18:00,0,0.001493963,0.001341827
12/2/1990 19:00,0,0,0
12/2/1990 20:00,0,0,0
12/2/1990 21:00,0,0,0
12/2/1990 22:00,0,0,0
12/2/1990 23:00,0,0,0
13/02/1990 00:00,0,0,0
13/02/1990 01:00,0,0,0
13/02/1990 02:00,0,0,0
13/02/1990 03:00,0,0,0
13/02/1990 04:00,0,0,0
13/02/1990 05:00,0,0,0
13/02/1990 06:00,0,0,0
13/02/1990 07:00,0,0,0
13/02/1990 08:00,0,0,0
13/02/1990 09:00,0,0.154676596,0.138925251
13/02/1990 10:00,0,0,0
13/02/1990 11:00,0,0,0
13/02/1990 12:00,0,0.293867253,0.263941559
13/02/1990 13:00,0,0,0
13/02/1990 14:00,0,0,0
13/02/1990 15:00,0,0.163825394,0.14714239
13/02/1990 16:00,0,0,0
13/02/1990 17:00,0,0,0
13/02/1990 18:00,0,0.001503485,0.001350379
13/02/1990 19:00,0,0,0
13/02/1990 20:00,0,0,0
13/02/1990 21:00,0,0,0
13/02/1990 22:00,0,0,0
13/02/1990 23:00,0,0,0
14/02/1990 00:00,0,0,0
14/02/1990 01:00,0,0,0
14/02/1990 02:00,0,0,0
14/02/1990 03:00,0,0,0
14/02/1990 04:00,0,0,0
14/02/1990 05:00,0,0,0
14/02/1990 06:00,0,0,0
14/02/1990 07:00,0,0,0
14/02/1990 08:00,0,0,0
14/02/1990 09:00,0,0.137498881,0.123496812
14/02/1990 10:00,0,0,0
14/02/1990 11:00,0,0,0
14/02/1990 12:00,0,0.220751956,0.198271889
14/02/1990 13:00,0,0,0
14/02/1990 14:00,0,0,0
14/02/1990 15:00,0,0.157595022,0.141546482
14/02/1990 16:00,0,0,0
14/02/1990 17:00,0,0,0
14/02/1990 18:00,0,0.001506663,0.001353233
14/02/1990 19:00,0,0,0
14/02/1990 20:00,0,0,0
14/02/1990 21:00,0,0,0
14/02/1990 22:00,0,0,0
14/02/1990 23:00,0,0,0
15/02/1990 00:00,0,0,0
15/02/1990 01:00,0,0,0
15/02/1990 02:00,0,0,0
15/02/1990 03:00,0,0,0
15/02/1990 04:00,0,0,0
15/02/1990 05:00,0,0,0
15/02/1990 06:00,0,0,0
15/02/1990 07:00,0,0,0
15/02/1990 08:00,0,0,0
15/02/1990 09:00,0,0.014048507,0.012617891
15/02/1990 10:00,0,0,0
15/02/1990 11:00,0,0,0
15/02/1990 12:00,0.5,0.03707835,0.033302511
15/02/1990 13:00,0,0,0
15/02/1990 14:00,0.5,0,0
15/02/1990 15:00,0.5,0.028445575,0.025548847
15/02/1990 16:00,0,0,0
15/02/1990 17:00,0,0,0
15/02/1990 18:00,0,0,0
15/02/1990 19:00,0.5,0,0
15/02/1990 20:00,0,0,0
15/02/1990 21:00,0,0,0
15/02/1990 22:00,0,0,0
15/02/1990 23:00,0,0,0
16/02/1990 00:00,0,0,0
16/02/1990 01:00,1,0,0
16/02/1990 02:00,0,0,0
16/02/1990 03:00,0,0,0
16/02/1990 04:00,0,0,0
16/02/1990 05:00,0,0,0
16/02/1990 06:00,0,0,0
16/02/1990 07:00,0,0,0
16/02/1990 08:00,0,0,0
16/02/1990 09:00,0.5,0.045724279,0.04106799
16/02/1990 10:00,0,0,0
16/02/1990 11:00,0.5,0,0
16/02/1990 12:00,0,0.126131056,0.113286619
16/02/1990 13:00,0,0,0
16/02/1990 14:00,0,0,0
16/02/1990 15:00,0,0.100935007,0.090656386
16/02/1990 16:00,0,0,0
16/02/1990 17:00,0,0,0
16/02/1990 18:00,0,0.001459214,0.001310616
16/02/1990 19:00,0,0,0
16/02/1990 20:00,0,0,0
16/02/1990 21:00,0,0,0
16/02/1990 22:00,0,0,0
16/02/1990 23:00,0,0,0
17/02/1990 00:00,0.5,0,0
17/02/1990 01:00,0,0,0
17/02/1990 02:00,0,0,0
17/02/1990 03:00,0,0,0
17/02/1990 04:00,0,0,0
17/02/1990 05:00,0,0,0
17/02/1990 06:00,0,0,0
17/02/1990 07:00,0,0,0
17/02/1990 08:00,0,0,0
17/02/1990 09:00,0,0.064816767,0.058216213
17/02/1990 10:00,0,0,0
17/02/1990 11:00,0,0,0
17/02/1990 12:00,0,0.219777963,0.197397082
17/02/1990 13:00,0,0,0
17/02/1990 14:00,0,0,0
17/02/1990 15:00,0,0.101908031,0.091530323
17/02/1990 16:00,0,0,0
17/02/1990 17:00,0,0,0
17/02/1990 18:00,0,0,0
17/02/1990 19:00,0,0,0
17/02/1990 20:00,0,0,0
17/02/1990 21:00,0,0,0
17/02/1990 22:00,0,0,0
17/02/1990 23:00,0,0,0
18/02/1990 00:00,0,0,0
18/02/1990 01:00,0,0,0
18/02/1990 02:00,0,0,0
18/02/1990 03:00,0,0,0
18/02/1990 04:00,0,0,0
18/02/1990 05:00,0,0,0
18/02/1990 06:00,0,0,0
18/02/1990 07:00,0,0,0
18/02/1990 08:00,0,0,0
18/02/1990 09:00,0,0.064923189,0.058311797
18/02/1990 10:00,0,0,0
18/02/1990 11:00,0,0,0
18/02/1990 12:00,0,0.117240954,0.105301832
18/02/1990 13:00,0,0,0
18/02/1990 14:00,0,0,0
18/02/1990 15:00,0,0.088245242,0.079258871
18/02/1990 16:00,0,0,0
18/02/1990 17:00,0,0,0
18/02/1990 18:00,0,0,0
18/02/1990 19:00,0,0,0
18/02/1990 20:00,0,0,0
18/02/1990 21:00,0,0,0
18/02/1990 22:00,0,0,0
18/02/1990 23:00,0,0,0
19/02/1990 00:00,0,0,0
19/02/1990 01:00,0,0,0
19/02/1990 02:00,0,0,0
19/02/1990 03:00,0,0,0
19/02/1990 04:00,0,0,0
19/02/1990 05:00,0,0,0
19/02/1990 06:00,0,0,0
19/02/1990 07:00,0,0,0
19/02/1990 08:00,0,0,0
19/02/1990 09:00,0,0.039824372,0.035768895
19/02/1990 10:00,0,0,0
19/02/1990 11:00,0,0,0
19/02/1990 12:00,0,0.07818909,0.070226778
19/02/1990 13:00,0,0,0
19/02/1990 14:00,0,0,0
19/02/1990 15:00,0,0.039456742,0.035438702
19/02/1990 16:00,0,0,0
19/02/1990 17:00,0,0,0
19/02/1990 18:00,0,0,0
19/02/1990 19:00,0,0,0
19/02/1990 20:00,0,0,0
19/02/1990 21:00,0,0,0
19/02/1990 22:00,0,0,0
19/02/1990 23:00,0,0,0
20/02/1990 00:00,0,0,0
20/02/1990 01:00,0,0,0
20/02/1990 02:00,0,0,0
20/02/1990 03:00,0,0,0
20/02/1990 04:00,0,0,0
20/02/1990 05:00,0.5,0,0
20/02/1990 06:00,0.5,0,0
20/02/1990 07:00,1.5,0,0
20/02/1990 08:00,2.5,0,0
20/02/1990 09:00,2.5,0.016387418,0.014718621
20/02/1990 10:00,1,0,0
20/02/1990 11:00,1.5,0,0
20/02/1990 12:00,0.5,0.083962807,0.075412534
20/02/1990 13:00,0,0,0
20/02/1990 14:00,0,0,0
20/02/1990 15:00,0,0.046000092,0.041315716
20/02/1990 16:00,0.5,0,0
20/02/1990 17:00,0.5,0,0
20/02/1990 18:00,1.5,0,0
20/02/1990 19:00,7.5,0,0
20/02/1990 20:00,4.5,0,0
20/02/1990 21:00,2.5,0,0
20/02/1990 22:00,0,0,0
20/02/1990 23:00,0,0,0
21/02/1990 00:00,0,0,0
21/02/1990 01:00,0,0,0
21/02/1990 02:00,0,0,0
21/02/1990 03:00,0,0,0
21/02/1990 04:00,0,0,0
21/02/1990 05:00,0,0,0
21/02/1990 06:00,0,0,0
21/02/1990 07:00,0,0,0
21/02/1990 08:00,0,0,0
21/02/1990 09:00,0,0.043868474,0.039401169
21/02/1990 10:00,0,0,0
21/02/1990 11:00,0,0,0
21/02/1990 12:00,0,0.049392616,0.044362766
21/02/1990 13:00,0,0,0
21/02/1990 14:00,0,0,0
21/02/1990 15:00,0,0.130205288,0.116945956
21/02/1990 16:00,0,0,0
21/02/1990 17:00,0,0,0
21/02/1990 18:00,0,0.001308226,0.001175004
21/02/1990 19:00,0,0,0
21/02/1990 20:00,0,0,0
21/02/1990 21:00,0,0,0
21/02/1990 22:00,0,0,0
21/02/1990 23:00,0,0,0
22/02/1990 00:00,0,0,0
22/02/1990 01:00,0,0,0
22/02/1990 02:00,0,0,0
22/02/1990 03:00,0,0,0
22/02/1990 04:00,0,0,0
22/02/1990 05:00,0,0,0
22/02/1990 06:00,0,0,0
22/02/1990 07:00,0,0,0
22/02/1990 08:00,0,0,0
22/02/1990 09:00,0,0.167838019,0.150746393
22/02/1990 10:00,0,0,0
22/02/1990 11:00,0,0,0
22/02/1990 12:00,0,0.275444961,0.247395284
22/02/1990 13:00,0,0,0
22/02/1990 14:00,0,0,0
22/02/1990 15:00,0,0.199526111,0.179207558
22/02/1990 16:00,0,0,0
22/02/1990 17:00,0,0,0
22/02/1990 18:00,0,0.001341499,0.001204889
22/02/1990 19:00,0,0,0
22/02/1990 20:00,0,0,0
22/02/1990 21:00,0,0,0
22/02/1990 22:00,0,0,0
22/02/1990 23:00,0,0,0
23/02/1990 00:00,0,0,0
23/02/1990 01:00,0,0,0
23/02/1990 02:00,0,0,0
23/02/1990 03:00,0,0,0
23/02/1990 04:00,0,0,0
23/02/1990 05:00,0,0,0
23/02/1990 06:00,0,0,0
23/02/1990 07:00,0,0,0
23/02/1990 08:00,0,0,0
23/02/1990 09:00,0,0.028682233,0.025761405
23/02/1990 10:00,0,0,0
23/02/1990 11:00,0,0,0
23/02/1990 12:00,0,0.075759849,0.068044916
23/02/1990 13:00,0,0,0
23/02/1990 14:00,0,0,0
23/02/1990 15:00,0,0.046502589,0.041767042
23/02/1990 16:00,0,0,0
23/02/1990 17:00,0,0,0
23/02/1990 18:00,0,0,0
23/02/1990 19:00,0,0,0
23/02/1990 20:00,0,0,0
23/02/1990 21:00,0,0,0
23/02/1990 22:00,0,0,0
23/02/1990 23:00,0,0,0
24/02/1990 00:00,0,0,0
24/02/1990 01:00,0,0,0
24/02/1990 02:00,0,0,0
24/02/1990 03:00,0.5,0,0
24/02/1990 04:00,1,0,0
24/02/1990 05:00,0.5,0,0
24/02/1990 06:00,0.5,0,0
24/02/1990 07:00,1,0,0
24/02/1990 08:00,1.5,0,0
24/02/1990 09:00,2,0.018037309,0.016200497
24/02/1990 10:00,1.5,0,0
24/02/1990 11:00,1,0,0
24/02/1990 12:00,1,0.048075128,0.043179443
24/02/1990 13:00,0.5,0,0
24/02/1990 14:00,1,0,0
24/02/1990 15:00,0.5,0.044470503,0.039941891
24/02/1990 16:00,0.5,0,0
24/02/1990 17:00,0,0,0
24/02/1990 18:00,0,0.00272575,0.002448176
24/02/1990 19:00,0,0,0
24/02/1990 20:00,0,0,0
24/02/1990 21:00,0,0,0
24/02/1990 22:00,0,0,0
24/02/1990 23:00,0,0,0
25/02/1990 00:00,0,0,0
25/02/1990 01:00,0,0,0
25/02/1990 02:00,0,0,0
25/02/1990 03:00,0,0,0
25/02/1990 04:00,0,0,0
25/02/1990 05:00,0,0,0
25/02/1990 06:00,0,0,0
25/02/1990 07:00,0,0,0
25/02/1990 08:00,0,0,0
25/02/1990 09:00,0,0.090808575,0.08156117
25/02/1990 10:00,0,0,0
25/02/1990 11:00,0,0,0
25/02/1990 12:00,0,0.18738414,0.168302053
25/02/1990 13:00,0,0,0
25/02/1990 14:00,0,0,0
25/02/1990 15:00,0,0.030185797,0.027111855
25/02/1990 16:00,0,0,0
25/02/1990 17:00,0,0,0
25/02/1990 18:00,0,0.001412278,0.00126846
25/02/1990 19:00,0,0,0
25/02/1990 20:00,0,0,0
25/02/1990 21:00,0,0,0
25/02/1990 22:00,0,0,0
25/02/1990 23:00,0,0,0
26/02/1990 00:00,0,0,0
26/02/1990 01:00,0,0,0
26/02/1990 02:00,0,0,0
26/02/1990 03:00,0,0,0
26/02/1990 04:00,0,0,0
26/02/1990 05:00,0,0,0
26/02/1990 06:00,0,0,0
26/02/1990 07:00,0,0,0
26/02/1990 08:00,0,0,0
26/02/1990 09:00,0,0.039369776,0.035360592
26/02/1990 10:00,0,0,0
26/02/1990 11:00,0,0,0
26/02/1990 12:00,0,0.181365963,0.162896732
26/02/1990 13:00,0,0,0
26/02/1990 14:00,0,0,0
26/02/1990 15:00,0,0.109154871,0.098039188
26/02/1990 16:00,0,0,0
26/02/1990 17:00,0,0,0
26/02/1990 18:00,0,0.004162456,0.003738576
26/02/1990 19:00,0,0,0
26/02/1990 20:00,0,0,0
26/02/1990 21:00,0,0,0
26/02/1990 22:00,0,0,0
26/02/1990 23:00,0,0,0
27/02/1990 00:00,0,0,0
27/02/1990 01:00,0,0,0
27/02/1990 02:00,0,0,0
27/02/1990 03:00,0,0,0
27/02/1990 04:00,0,0,0
27/02/1990 05:00,0,0,0
27/02/1990 06:00,0,0,0
27/02/1990 07:00,0,0,0
27/02/1990 08:00,0,0,0
27/02/1990 09:00,0,0.133688739,0.120074673
27/02/1990 10:00,0,0,0
27/02/1990 11:00,0,0,0
27/02/1990 12:00,0,0.255271261,0.229275953
27/02/1990 13:00,0,0,0
27/02/1990 14:00,0,0,0
27/02/1990 15:00,0,0.185190741,0.166332017
27/02/1990 16:00,0,0,0
27/02/1990 17:00,0,0,0
27/02/1990 18:00,0,0.002887013,0.002593017
27/02/1990 19:00,0,0,0
27/02/1990 20:00,0,0,0
27/02/1990 21:00,0,0,0
27/02/1990 22:00,0,0,0
27/02/1990 23:00,0,0,0
28/02/1990 00:00,0,0,0
28/02/1990 01:00,0,0,0
28/02/1990 02:00,0,0,0
28/02/1990 03:00,0,0,0
28/02/1990 04:00,0,0,0
28/02/1990 05:00,0,0,0
28/02/1990 06:00,0,0,0
28/02/1990 07:00,0,0,0
28/02/1990 08:00,0,0,0
28/02/1990 09:00,0,0.168890289,0.151691506
28/02/1990 10:00,0,0,0
28/02/1990 11:00,0,0,0
28/02/1990 12:00,0,0.300153076,0.269587271
28/02/1990 13:00,0,0,0
28/02/1990 14:00,0,0,0
28/02/1990 15:00,0,0.142596887,0.128075668
28/02/1990 16:00,0,0,0
28/02/1990 17:00,0,0,0
28/02/1990 18:00,0,0.002937329,0.002638209
28/02/1990 19:00,0,0,0
28/02/1990 20:00,0,0,0
28/02/1990 21:00,0,0,0
28/02/1990 22:00,0,0,0
28/02/1990 23:00,0,0,0
1/3/1990 0:00,0,0,0
1/3/1990 1:00,0,0,0
1/3/1990 2:00,0,0,0
1/3/1990 3:00,0,0,0
1/3/1990 4:00,0,0,0
1/3/1990 5:00,0,0,0
1/3/1990 6:00,0,0,0
1/3/1990 7:00,0,0,0
1/3/1990 8:00,0,0,0
1/3/1990 9:00,0,0.195442814,0.17554008
1/3/1990 10:00,0,0,0
1/3/1990 11:00,0,0,0
1/3/1990 12:00,0,0.306304809,0.275112548
1/3/1990 13:00,0,0,0
1/3/1990 14:00,0,0,0
1/3/1990 15:00,0,0.216962152,0.194868016
1/3/1990 16:00,0,0,0
1/3/1990 17:00,0,0,0
1/3/1990 18:00,0,0.001424739,0.001279652
1/3/1990 19:00,0,0,0
1/3/1990 20:00,0,0,0
1/3/1990 21:00,0,0,0
1/3/1990 22:00,0,0,0
1/3/1990 23:00,0,0,0
2/3/1990 0:00,0,0,0
2/3/1990 1:00,0,0,0
2/3/1990 2:00,0,0,0
2/3/1990 3:00,0,0,0
2/3/1990 4:00,0,0,0
2/3/1990 5:00,0,0,0
2/3/1990 6:00,0,0,0
2/3/1990 7:00,0,0,0
2/3/1990 8:00,0,0,0
2/3/1990 9:00,0,0.036323089,0.032624162
2/3/1990 10:00,0,0,0
2/3/1990 11:00,0,0,0
2/3/1990 12:00,0,0.131052751,0.117707118
2/3/1990 13:00,0,0,0
2/3/1990 14:00,0,0,0
2/3/1990 15:00,0,0.095457509,0.085736684
2/3/1990 16:00,0,0,0
2/3/1990 17:00,0,0,0
2/3/1990 18:00,0,0.001443507,0.001296509
2/3/1990 19:00,0,0,0
2/3/1990 20:00,0,0,0
2/3/1990 21:00,0,0,0
2/3/1990 22:00,0,0,0
2/3/1990 23:00,0,0,0
3/3/1990 0:00,0,0,0
3/3/1990 1:00,0,0,0
3/3/1990 2:00,0,0,0
3/3/1990 3:00,0,0,0
3/3/1990 4:00,0,0,0
3/3/1990 5:00,0,0,0
3/3/1990 6:00,0,0,0
3/3/1990 7:00,0,0,0
3/3/1990 8:00,0,0,0
3/3/1990 9:00,0,0.103819052,0.093246737
3/3/1990 10:00,0,0,0
3/3/1990 11:00,0,0,0
3/3/1990 12:00,0,0.12306699,0.110534579
3/3/1990 13:00,0,0,0
3/3/1990 14:00,0,0,0
3/3/1990 15:00,0,0.035355111,0.031754757
3/3/1990 16:00,0,0,0
3/3/1990 17:00,0,0,0
3/3/1990 18:00,0,0,0
3/3/1990 19:00,0,0,0
3/3/1990 20:00,0,0,0
3/3/1990 21:00,0,0,0
3/3/1990 22:00,0.5,0,0
3/3/1990 23:00,0,0,0
4/3/1990 0:00,0,0,0
4/3/1990 1:00,1,0,0
4/3/1990 2:00,0,0,0
4/3/1990 3:00,0,0,0
4/3/1990 4:00,0,0,0
4/3/1990 5:00,0,0,0
4/3/1990 6:00,0,0,0
4/3/1990 7:00,0,0,0
4/3/1990 8:00,0,0,0
4/3/1990 9:00,0,0.135594114,0.121786016
4/3/1990 10:00,0,0,0
4/3/1990 11:00,0,0,0
4/3/1990 12:00,0,0.211445886,0.189913494
4/3/1990 13:00,0,0,0
4/3/1990 14:00,0,0,0
4/3/1990 15:00,0,0.10034123,0.090123076
4/3/1990 16:00,0,0,0
4/3/1990 17:00,0,0,0
4/3/1990 18:00,0,0.002719624,0.002442674
4/3/1990 19:00,0,0,0
4/3/1990 20:00,0,0,0
4/3/1990 21:00,0,0,0
4/3/1990 22:00,0,0,0
4/3/1990 23:00,0,0,0
5/3/1990 0:00,0,0,0
5/3/1990 1:00,0,0,0
5/3/1990 2:00,0,0,0
5/3/1990 3:00,0,0,0
5/3/1990 4:00,0,0,0
5/3/1990 5:00,0,0,0
5/3/1990 6:00,0,0,0
5/3/1990 7:00,0,0,0
5/3/1990 8:00,0,0,0
5/3/1990 9:00,0,0.182680209,0.164077143
5/3/1990 10:00,0,0,0
5/3/1990 11:00,0,0,0
5/3/1990 12:00,0,0.251757029,0.22611959
5/3/1990 13:00,0,0,0
5/3/1990 14:00,0,0,0
5/3/1990 15:00,0,0.169678798,0.152399718
5/3/1990 16:00,0,0,0
5/3/1990 17:00,0,0,0
5/3/1990 18:00,0,0.005674013,0.005096205
5/3/1990 19:00,0,0,0
5/3/1990 20:00,0,0,0
5/3/1990 21:00,0,0,0
5/3/1990 22:00,0,0,0
5/3/1990 23:00,0,0,0
6/3/1990 0:00,0,0,0
6/3/1990 1:00,0,0,0
6/3/1990 2:00,0,0,0
6/3/1990 3:00,0,0,0
6/3/1990 4:00,0,0,0
6/3/1990 5:00,0,0,0
6/3/1990 6:00,0,0,0
6/3/1990 7:00,0,0,0
6/3/1990 8:00,0,0,0
6/3/1990 9:00,0,0.154697024,0.138943599
6/3/1990 10:00,0,0,0
6/3/1990 11:00,0,0,0
6/3/1990 12:00,0,0.322436794,0.289601748
6/3/1990 13:00,0,0,0
6/3/1990 14:00,0,0,0
6/3/1990 15:00,0,0.147829574,0.132775489
6/3/1990 16:00,0,0,0
6/3/1990 17:00,0,0,0
6/3/1990 18:00,0,0.005476039,0.004918392
6/3/1990 19:00,0,0,0
6/3/1990 20:00,0,0,0
6/3/1990 21:00,0,0,0
6/3/1990 22:00,0,0,0
6/3/1990 23:00,0,0,0
7/3/1990 0:00,0,0,0
7/3/1990 1:00,0,0,0
7/3/1990 2:00,0,0,0
7/3/1990 3:00,0,0,0
7/3/1990 4:00,0,0,0
7/3/1990 5:00,0,0,0
7/3/1990 6:00,0,0,0
7/3/1990 7:00,0,0,0
7/3/1990 8:00,0,0,0
7/3/1990 9:00,0,0.183613039,0.164914979
7/3/1990 10:00,0,0,0
7/3/1990 11:00,0,0,0
7/3/1990 12:00,0,0.182372737,0.163800982
7/3/1990 13:00,0,0,0
7/3/1990 14:00,0,0,0
7/3/1990 15:00,0,0.110670808,0.099400751
7/3/1990 16:00,0,0,0
7/3/1990 17:00,0,0,0
7/3/1990 18:00,3,0,0
7/3/1990 19:00,6.5,0,0
7/3/1990 20:00,0.5,0,0
7/3/1990 21:00,0,0,0
7/3/1990 22:00,0,0,0
7/3/1990 23:00,0,0,0
8/3/1990 0:00,0,0,0
8/3/1990 1:00,0,0,0
8/3/1990 2:00,0,0,0
8/3/1990 3:00,0,0,0
8/3/1990 4:00,0,0,0
8/3/1990 5:00,0,0,0
8/3/1990 6:00,0,0,0
8/3/1990 7:00,0,0,0
8/3/1990 8:00,0,0,0
8/3/1990 9:00,0,0.194580489,0.174765569
8/3/1990 10:00,0,0,0
8/3/1990 11:00,0,0,0
8/3/1990 12:00,0,0.339539423,0.304962747
8/3/1990 13:00,0,0,0
8/3/1990 14:00,0,0,0
8/3/1990 15:00,0,0.20758307,0.186444044
8/3/1990 16:00,0,0,0
8/3/1990 17:00,0,0,0
8/3/1990 18:00,0,0.005950506,0.005344542
8/3/1990 19:00,0,0,0
8/3/1990 20:00,0,0,0
8/3/1990 21:00,0,0,0
8/3/1990 22:00,0,0,0
8/3/1990 23:00,0,0,0
9/3/1990 0:00,0,0,0
9/3/1990 1:00,0,0,0
9/3/1990 2:00,0,0,0
9/3/1990 3:00,0,0,0
9/3/1990 4:00,0,0,0
9/3/1990 5:00,0,0,0
9/3/1990 6:00,0,0,0
9/3/1990 7:00,0,0,0
9/3/1990 8:00,0,0,0
9/3/1990 9:00,0,0.198451163,0.178242076
9/3/1990 10:00,0,0,0
9/3/1990 11:00,0,0,0
9/3/1990 12:00,0,0.310203482,0.278614204
9/3/1990 13:00,0,0,0
9/3/1990 14:00,0,0,0
9/3/1990 15:00,0,0.21279552,0.191125689
9/3/1990 16:00,0,0,0
9/3/1990 17:00,0,0,0
9/3/1990 18:00,0,0.006541132,0.005875022
9/3/1990 19:00,0,0,0
9/3/1990 20:00,0,0,0
9/3/1990 21:00,0,0,0
9/3/1990 22:00,0,0,0
9/3/1990 23:00,0,0,0
10/3/1990 0:00,0,0,0
10/3/1990 1:00,0,0,0
10/3/1990 2:00,0,0,0
10/3/1990 3:00,0,0,0
10/3/1990 4:00,0,0,0
10/3/1990 5:00,0,0,0
10/3/1990 6:00,0,0,0
10/3/1990 7:00,0,0,0
10/3/1990 8:00,0,0,0
10/3/1990 9:00,0,0.186880332,0.16784955
10/3/1990 10:00,0,0,0
10/3/1990 11:00,0,0,0
10/3/1990 12:00,0,0.308263449,0.276871732
10/3/1990 13:00,0,0,0
10/3/1990 14:00,0,0,0
10/3/1990 15:00,0,0.170316214,0.152972223
10/3/1990 16:00,0,0,0
10/3/1990 17:00,0,0,0
10/3/1990 18:00,0,0.007545737,0.006777324
10/3/1990 19:00,0,0,0
10/3/1990 20:00,0,0,0
10/3/1990 21:00,0,0,0
10/3/1990 22:00,0,0,0
10/3/1990 23:00,0,0,0
11/3/1990 0:00,0,0,0
11/3/1990 1:00,0,0,0
11/3/1990 2:00,0,0,0
11/3/1990 3:00,0,0,0
11/3/1990 4:00,0,0,0
11/3/1990 5:00,0,0,0
11/3/1990 6:00,0,0,0
11/3/1990 7:00,0,0,0
11/3/1990 8:00,0,0,0
11/3/1990 9:00,0,0.184043313,0.165301436
11/3/1990 10:00,0,0,0
11/3/1990 11:00,0,0,0
11/3/1990 12:00,0,0.295726765,0.265611709
11/3/1990 13:00,0,0,0
11/3/1990 14:00,0,0,0
11/3/1990 15:00,0,0.202178672,0.181589998
11/3/1990 16:00,0,0,0
11/3/1990 17:00,0,0,0
11/3/1990 18:00,0,0.005054088,0.00453941
11/3/1990 19:00,0,0,0
11/3/1990 20:00,0,0,0
11/3/1990 21:00,0,0,0
11/3/1990 22:00,0,0,0
11/3/1990 23:00,0,0,0
12/3/1990 0:00,0,0,0
12/3/1990 1:00,0,0,0
12/3/1990 2:00,0,0,0
12/3/1990 3:00,0,0,0
12/3/1990 4:00,0,0,0
12/3/1990 5:00,0,0,0
12/3/1990 6:00,0,0,0
12/3/1990 7:00,0,0,0
12/3/1990 8:00,0,0,0
12/3/1990 9:00,0,0.141778695,0.127340796
12/3/1990 10:00,0,0,0
12/3/1990 11:00,0,0,0
12/3/1990 12:00,0,0.199353958,0.179052936
12/3/1990 13:00,0,0,0
12/3/1990 14:00,0,0,0
12/3/1990 15:00,0,0.074652788,0.067050592
12/3/1990 16:00,0,0,0
12/3/1990 17:00,0,0,0
12/3/1990 18:00,0,0.007111065,0.006386916
12/3/1990 19:00,0,0,0
12/3/1990 20:00,0,0,0
12/3/1990 21:00,0,0,0
12/3/1990 22:00,0,0,0
12/3/1990 23:00,0,0,0
13/03/1990 00:00,0,0,0
13/03/1990 01:00,0,0,0
13/03/1990 02:00,0,0,0
13/03/1990 03:00,0,0,0
13/03/1990 04:00,0,0,0
13/03/1990 05:00,0,0,0
13/03/1990 06:00,0,0,0
13/03/1990 07:00,0,0,0
13/03/1990 08:00,0,0,0
13/03/1990 09:00,0,0.130716328,0.117404954
13/03/1990 10:00,0,0,0
13/03/1990 11:00,0,0,0
13/03/1990 12:00,0,0.268777677,0.241406956
13/03/1990 13:00,0,0,0
13/03/1990 14:00,0,0,0
13/03/1990 15:00,0,0.149242729,0.134044737
13/03/1990 16:00,0,0,0
13/03/1990 17:00,0,0,0
13/03/1990 18:00,0,0.010060687,0.009036166
13/03/1990 19:00,0,0,0
13/03/1990 20:00,0,0,0
13/03/1990 21:00,0,0,0
13/03/1990 22:00,0,0,0
13/03/1990 23:00,0,0,0
14/03/1990 00:00,0,0,0
14/03/1990 01:00,0,0,0
14/03/1990 02:00,0,0,0
14/03/1990 03:00,0,0,0
14/03/1990 04:00,0,0,0
14/03/1990 05:00,0,0,0
14/03/1990 06:00,0,0.001535341,0.001378991
14/03/1990 07:00,0,0,0
14/03/1990 08:00,0,0,0
14/03/1990 09:00,0,0.225047698,0.202130178
14/03/1990 10:00,0,0,0
14/03/1990 11:00,0,0,0
14/03/1990 12:00,0,0.322886959,0.290006071
14/03/1990 13:00,0,0,0
14/03/1990 14:00,0,0,0
14/03/1990 15:00,0,0.136781797,0.122852752
14/03/1990 16:00,0,0,0
14/03/1990 17:00,0,0,0
14/03/1990 18:00,0,0.005365997,0.004819556
14/03/1990 19:00,0,0,0
14/03/1990 20:00,0,0,0
14/03/1990 21:00,0,0,0
14/03/1990 22:00,0,0,0
14/03/1990 23:00,0,0,0
15/03/1990 00:00,0,0,0
15/03/1990 01:00,0,0,0
15/03/1990 02:00,0,0,0
15/03/1990 03:00,0,0,0
15/03/1990 04:00,0,0,0
15/03/1990 05:00,0,0,0
15/03/1990 06:00,0,0,0
15/03/1990 07:00,0,0,0
15/03/1990 08:00,0,0,0
15/03/1990 09:00,0,0.083620013,0.075104648
15/03/1990 10:00,0,0,0
15/03/1990 11:00,0.5,0,0
15/03/1990 12:00,0.5,0.081861634,0.073525332
15/03/1990 13:00,0.5,0,0
15/03/1990 14:00,0,0,0
15/03/1990 15:00,0,0.053751143,0.048277446
15/03/1990 16:00,0.5,0,0
15/03/1990 17:00,1.5,0,0
15/03/1990 18:00,0.5,0.00294364,0.002643877
15/03/1990 19:00,0.5,0,0
15/03/1990 20:00,0,0,0
15/03/1990 21:00,0,0,0
15/03/1990 22:00,0,0,0
15/03/1990 23:00,0.5,0,0
16/03/1990 00:00,0,0,0
16/03/1990 01:00,0,0,0
16/03/1990 02:00,0,0,0
16/03/1990 03:00,0,0,0
16/03/1990 04:00,0,0,0
16/03/1990 05:00,0,0,0
16/03/1990 06:00,0,0.001551332,0.001393354
16/03/1990 07:00,0,0,0
16/03/1990 08:00,0,0,0
16/03/1990 09:00,0,0.218344658,0.196109736
16/03/1990 10:00,0,0,0
16/03/1990 11:00,0,0,0
16/03/1990 12:00,0,0.181947189,0.163418769
16/03/1990 13:00,0,0,0
16/03/1990 14:00,0,0,0
16/03/1990 15:00,0,0.206609102,0.185569259
16/03/1990 16:00,0,0,0
16/03/1990 17:00,0,0,0
16/03/1990 18:00,0,0.00810385,0.007278602
16/03/1990 19:00,0,0,0
16/03/1990 20:00,0,0,0
16/03/1990 21:00,0,0,0
16/03/1990 22:00,0,0,0
16/03/1990 23:00,0,0,0
17/03/1990 00:00,0,0,0
17/03/1990 01:00,0,0,0
17/03/1990 02:00,0,0,0
17/03/1990 03:00,0,0,0
17/03/1990 04:00,0,0,0
17/03/1990 05:00,0,0,0
17/03/1990 06:00,0,0.001612408,0.00144821
17/03/1990 07:00,0,0,0
17/03/1990 08:00,0,0,0
17/03/1990 09:00,0,0.224660837,0.201782713
17/03/1990 10:00,0,0,0
17/03/1990 11:00,0,0,0
17/03/1990 12:00,0,0.188821921,0.169593419
17/03/1990 13:00,0,0,0
17/03/1990 14:00,0,0,0
17/03/1990 15:00,0,0.156378375,0.140453731
17/03/1990 16:00,0,0,0
17/03/1990 17:00,0,0,0
17/03/1990 18:00,0,0.00706139,0.0063423
17/03/1990 19:00,0,0,0
17/03/1990 20:00,0,0,0
17/03/1990 21:00,0,0,0
17/03/1990 22:00,0,0,0
17/03/1990 23:00,0,0,0
18/03/1990 00:00,0,0,0
18/03/1990 01:00,0,0,0
18/03/1990 02:00,0,0,0
18/03/1990 03:00,0,0,0
18/03/1990 04:00,0,0,0
18/03/1990 05:00,0,0,0
18/03/1990 06:00,0,0.003276472,0.002942816
18/03/1990 07:00,0,0,0
18/03/1990 08:00,0,0,0
18/03/1990 09:00,0,0.225475398,0.202514324
18/03/1990 10:00,0,0,0
18/03/1990 11:00,0,0,0
18/03/1990 12:00,0,0.340827897,0.30612001
18/03/1990 13:00,0,0,0
18/03/1990 14:00,0,0,0
18/03/1990 15:00,0,0.23278261,0.209077413
18/03/1990 16:00,0,0,0
18/03/1990 17:00,0,0,0
18/03/1990 18:00,0,0.008362002,0.007510465
18/03/1990 19:00,0,0,0
18/03/1990 20:00,0,0,0
18/03/1990 21:00,0,0,0
18/03/1990 22:00,0,0,0
18/03/1990 23:00,0,0,0
19/03/1990 00:00,0,0,0
19/03/1990 01:00,0,0,0
19/03/1990 02:00,0,0,0
19/03/1990 03:00,0,0,0
19/03/1990 04:00,0,0,0
19/03/1990 05:00,0,0,0
19/03/1990 06:00,0,0.00323772,0.00290801
19/03/1990 07:00,0,0,0
19/03/1990 08:00,0,0,0
19/03/1990 09:00,0,0.233399745,0.209631703
19/03/1990 10:00,0,0,0
19/03/1990 11:00,0,0,0
19/03/1990 12:00,0,0.339448471,0.304881057
19/03/1990 13:00,0,0,0
19/03/1990 14:00,0,0,0
19/03/1990 15:00,0,0.090948428,0.081686781
19/03/1990 16:00,0,0,0
19/03/1990 17:00,0,0,0
19/03/1990 18:00,0,0.009073594,0.008149593
19/03/1990 19:00,0,0,0
19/03/1990 20:00,0,0,0
19/03/1990 21:00,0,0,0
19/03/1990 22:00,0,0,0
19/03/1990 23:00,0,0,0
20/03/1990 00:00,0,0,0
20/03/1990 01:00,0,0,0
20/03/1990 02:00,0,0,0
20/03/1990 03:00,0,0,0
20/03/1990 04:00,0,0,0
20/03/1990 05:00,0,0,0
20/03/1990 06:00,0,0.001308226,0.001175004
20/03/1990 07:00,0,0,0
20/03/1990 08:00,0,0,0
20/03/1990 09:00,0,0.200438889,0.180027384
20/03/1990 10:00,0,0,0
20/03/1990 11:00,0,0,0
20/03/1990 12:00,0,0.311633934,0.279898987
20/03/1990 13:00,0,0,0
20/03/1990 14:00,0,0,0
20/03/1990 15:00,0,0.228270446,0.205024741
20/03/1990 16:00,0,0,0
20/03/1990 17:00,0,0,0
20/03/1990 18:00,0,0.009178641,0.008243943
20/03/1990 19:00,0,0,0
20/03/1990 20:00,0,0,0
20/03/1990 21:00,0,0,0
20/03/1990 22:00,0,0,0
20/03/1990 23:00,0,0,0
21/03/1990 00:00,0,0,0
21/03/1990 01:00,0,0,0
21/03/1990 02:00,0,0,0
21/03/1990 03:00,0,0,0
21/03/1990 04:00,0,0,0
21/03/1990 05:00,0,0,0
21/03/1990 06:00,0,0.00294364,0.002643877
21/03/1990 07:00,0,0,0
21/03/1990 08:00,0,0,0
21/03/1990 09:00,0,0.04426368,0.03975613
21/03/1990 10:00,0,0,0
21/03/1990 11:00,0,0,0
21/03/1990 12:00,0,0.137454282,0.123456755
21/03/1990 13:00,0,0,0
21/03/1990 14:00,0,0,0
21/03/1990 15:00,0,0.189245255,0.169973643
21/03/1990 16:00,0,0,0
21/03/1990 17:00,0,0,0
21/03/1990 18:00,0,0.008642236,0.007762162
21/03/1990 19:00,0,0,0
21/03/1990 20:00,0,0,0
21/03/1990 21:00,0,0,0
21/03/1990 22:00,0,0,0
21/03/1990 23:00,0,0,0
22/03/1990 00:00,0,0,0
22/03/1990 01:00,0,0,0
22/03/1990 02:00,0,0,0
22/03/1990 03:00,0,0,0
22/03/1990 04:00,0,0,0
22/03/1990 05:00,0,0,0
22/03/1990 06:00,0,0.006449632,0.00579284
22/03/1990 07:00,0,0,0
22/03/1990 08:00,0,0,0
22/03/1990 09:00,0,0.166345907,0.149406229
22/03/1990 10:00,0,0,0
22/03/1990 11:00,0,0,0
22/03/1990 12:00,0,0.332963192,0.2990562
22/03/1990 13:00,0,0,0
22/03/1990 14:00,0,0,0
22/03/1990 15:00,0,0.22655215,0.203481426
22/03/1990 16:00,0,0,0
22/03/1990 17:00,0,0,0
22/03/1990 18:00,0,0.010902999,0.009792702
22/03/1990 19:00,0,0,0
22/03/1990 20:00,0,0,0
22/03/1990 21:00,0,0,0
22/03/1990 22:00,0,0,0
22/03/1990 23:00,0,0,0
23/03/1990 00:00,0,0,0
23/03/1990 01:00,0,0,0
23/03/1990 02:00,0,0,0
23/03/1990 03:00,0,0,0
23/03/1990 04:00,0,0,0
23/03/1990 05:00,0,0,0
23/03/1990 06:00,0,0.004586867,0.004119768
23/03/1990 07:00,0,0,0
23/03/1990 08:00,0,0,0
23/03/1990 09:00,0,0.217802473,0.195622764
23/03/1990 10:00,0,0,0
23/03/1990 11:00,0,0,0
23/03/1990 12:00,0,0.241223681,0.216658895
23/03/1990 13:00,0,0,0
23/03/1990 14:00,0,0,0
23/03/1990 15:00,0,0.245863556,0.220826273
23/03/1990 16:00,0,0,0
23/03/1990 17:00,0,0,0
23/03/1990 18:00,0,0.011882515,0.01067247
23/03/1990 19:00,0,0,0
23/03/1990 20:00,0,0,0
23/03/1990 21:00,0,0,0
23/03/1990 22:00,0,0,0
23/03/1990 23:00,0,0,0
24/03/1990 00:00,0,0,0
24/03/1990 01:00,0,0,0
24/03/1990 02:00,0,0,0
24/03/1990 03:00,0,0,0
24/03/1990 04:00,0,0,0
24/03/1990 05:00,0,0,0
24/03/1990 06:00,0,0,0
24/03/1990 07:00,0,0,0
24/03/1990 08:00,1.5,0,0
24/03/1990 09:00,1.5,0.025197474,0.022631513
24/03/1990 10:00,1.5,0,0
24/03/1990 11:00,2,0,0
24/03/1990 12:00,2.5,0.026244989,0.023572355
24/03/1990 13:00,2,0,0
24/03/1990 14:00,1,0,0
24/03/1990 15:00,1,0.06369252,0.057206452
24/03/1990 16:00,0,0,0
24/03/1990 17:00,0,0,0
24/03/1990 18:00,0,0.005799129,0.00520858
24/03/1990 19:00,0,0,0
24/03/1990 20:00,0,0,0
24/03/1990 21:00,0,0,0
24/03/1990 22:00,0.5,0,0
24/03/1990 23:00,0,0,0
25/03/1990 00:00,0,0,0
25/03/1990 01:00,0,0,0
25/03/1990 02:00,0,0,0
25/03/1990 03:00,0,0,0
25/03/1990 04:00,0.5,0,0
25/03/1990 05:00,0,0,0
25/03/1990 06:00,0.5,0.001535341,0.001378991
25/03/1990 07:00,0.5,0,0
25/03/1990 08:00,0.5,0,0
25/03/1990 09:00,1,0.058585853,0.052619818
25/03/1990 10:00,1,0,0
25/03/1990 11:00,1,0,0
25/03/1990 12:00,1,0.094240806,0.084643883
25/03/1990 13:00,0.5,0,0
25/03/1990 14:00,1.5,0,0
25/03/1990 15:00,0,0.147999282,0.132927915
25/03/1990 16:00,0.5,0,0
25/03/1990 17:00,0,0,0
25/03/1990 18:00,0,0.012487562,0.011215903
25/03/1990 19:00,0,0,0
25/03/1990 20:00,0,0,0
25/03/1990 21:00,0,0,0
25/03/1990 22:00,0,0,0
25/03/1990 23:00,0,0,0
26/03/1990 00:00,0,0,0
26/03/1990 01:00,0,0,0
26/03/1990 02:00,0,0,0
26/03/1990 03:00,0,0,0
26/03/1990 04:00,0,0,0
26/03/1990 05:00,0,0,0
26/03/1990 06:00,0,0.009790646,0.008793625
26/03/1990 07:00,0,0,0
26/03/1990 08:00,0,0,0
26/03/1990 09:00,0,0.28954756,0.260061758
26/03/1990 10:00,0,0,0
26/03/1990 11:00,0,0,0
26/03/1990 12:00,0,0.395643822,0.355353807
26/03/1990 13:00,0,0,0
26/03/1990 14:00,0,0,0
26/03/1990 15:00,0,0.310037126,0.278464788
26/03/1990 16:00,0,0,0
26/03/1990 17:00,0,0,0
26/03/1990 18:00,0,0.010214492,0.009174309
26/03/1990 19:00,0,0,0
26/03/1990 20:00,0,0,0
26/03/1990 21:00,0,0,0
26/03/1990 22:00,0,0,0
26/03/1990 23:00,0,0,0
27/03/1990 00:00,0,0,0
27/03/1990 01:00,0,0,0
27/03/1990 02:00,0,0,0
27/03/1990 03:00,0,0,0
27/03/1990 04:00,0,0,0
27/03/1990 05:00,0,0,0
27/03/1990 06:00,0,0.009597092,0.008619781
27/03/1990 07:00,0,0,0
27/03/1990 08:00,0,0,0
27/03/1990 09:00,0,0.264992518,0.238007255
27/03/1990 10:00,0,0,0
27/03/1990 11:00,0,0,0
27/03/1990 12:00,0,0.385384543,0.346139272
27/03/1990 13:00,0,0,0
27/03/1990 14:00,0,0,0
27/03/1990 15:00,0,0.273560973,0.24570315
27/03/1990 16:00,0,0,0
27/03/1990 17:00,0,0,0
27/03/1990 18:00,0,0.01282265,0.011516868
27/03/1990 19:00,0,0,0
27/03/1990 20:00,0,0,0
27/03/1990 21:00,0,0,0
27/03/1990 22:00,0,0,0
27/03/1990 23:00,0,0,0
28/03/1990 00:00,0,0,0
28/03/1990 01:00,0,0,0
28/03/1990 02:00,0,0,0
28/03/1990 03:00,0,0,0
28/03/1990 04:00,0,0,0
28/03/1990 05:00,0,0,0
28/03/1990 06:00,0,0.007296066,0.006553078
28/03/1990 07:00,0,0,0
28/03/1990 08:00,0,0,0
28/03/1990 09:00,0,0.161475297,0.145031613
28/03/1990 10:00,0,0,0
28/03/1990 11:00,0,0,0
28/03/1990 12:00,0,0.178466667,0.160292683
28/03/1990 13:00,0,0,0
28/03/1990 14:00,0,0,0
28/03/1990 15:00,0,0.098596528,0.088556044
28/03/1990 16:00,0,0,0
28/03/1990 17:00,0,0,0
28/03/1990 18:00,0,0.015126722,0.013586307
28/03/1990 19:00,0,0,0
28/03/1990 20:00,0,0,0
28/03/1990 21:00,0,0,0
28/03/1990 22:00,0,0,0
28/03/1990 23:00,0,0,0
29/03/1990 00:00,0,0,0
29/03/1990 01:00,0,0,0
29/03/1990 02:00,0,0,0
29/03/1990 03:00,0,0,0
29/03/1990 04:00,0,0,0
29/03/1990 05:00,0,0,0
29/03/1990 06:00,0,0.010836917,0.00973335
29/03/1990 07:00,0,0,0
29/03/1990 08:00,0,0,0
29/03/1990 09:00,0,0.160705849,0.144340521
29/03/1990 10:00,0,0,0
29/03/1990 11:00,0,0,0
29/03/1990 12:00,0,0.371988133,0.334107073
29/03/1990 13:00,0,0,0
29/03/1990 14:00,0,0,0
29/03/1990 15:00,0,0.22812805,0.204896846
29/03/1990 16:00,0,0,0
29/03/1990 17:00,0,0,0
29/03/1990 18:00,0,0.016575782,0.014887803
29/03/1990 19:00,0,0,0
29/03/1990 20:00,0,0,0
29/03/1990 21:00,0,0,0
29/03/1990 22:00,0,0,0
29/03/1990 23:00,0,0,0
30/03/1990 00:00,0,0,0
30/03/1990 01:00,0,0,0
30/03/1990 02:00,0,0,0
30/03/1990 03:00,0,0,0
30/03/1990 04:00,0,0,0
30/03/1990 05:00,0,0,0
30/03/1990 06:00,0,0.012590256,0.011308139
30/03/1990 07:00,0,0,0
30/03/1990 08:00,0,0,0
30/03/1990 09:00,0,0.251831907,0.226186843
30/03/1990 10:00,0,0,0
30/03/1990 11:00,0,0,0
30/03/1990 12:00,0,0.389482407,0.349819834
30/03/1990 13:00,0,0,0
30/03/1990 14:00,0,0,0
30/03/1990 15:00,0,0.263134227,0.236338202
30/03/1990 16:00,0,0,0
30/03/1990 17:00,0,0,0
30/03/1990 18:00,0,0.014957932,0.013434705
30/03/1990 19:00,0,0,0
30/03/1990 20:00,0,0,0
30/03/1990 21:00,0,0,0
30/03/1990 22:00,0,0,0
30/03/1990 23:00,0,0,0
31/03/1990 00:00,0,0,0
31/03/1990 01:00,0,0,0
31/03/1990 02:00,0,0,0
31/03/1990 03:00,0,0,0
31/03/1990 04:00,0,0,0
31/03/1990 05:00,0,0,0
31/03/1990 06:00,0,0.010369082,0.009313156
31/03/1990 07:00,0,0,0
31/03/1990 08:00,0,0,0
31/03/1990 09:00,0,0.229840168,0.206434612
31/03/1990 10:00,0,0,0
31/03/1990 11:00,0,0,0
31/03/1990 12:00,0,0.260497284,0.233969789
31/03/1990 13:00,0,0,0
31/03/1990 14:00,0,0,0
31/03/1990 15:00,0,0.090019809,0.080852727
31/03/1990 16:00,0,0,0
31/03/1990 17:00,0,0,0
31/03/1990 18:00,0,0.002410427,0.002164963
31/03/1990 19:00,0,0,0
31/03/1990 20:00,0,0,0
31/03/1990 21:00,0,0,0
31/03/1990 22:00,0,0,0
